<?xml version="1.0" encoding="UTF-8"?>
<!DOCTYPE suite SYSTEM "https://testng.org/testng-1.0.dtd">
<suite name="Suite">
  <test  name="Test">
   <groups>
            <run>
             <exclude name = "functions"></exclude>
              
              
             
            </run>
        </groups>
    <classes>
     <class name="FreshNearMissTests.HomePageClassTest"/>   
          <class name="FreshNearMissTests.SettingsClassTest"/>
      <class name="FreshNearMissTests.LoginPageClassTest"/>
      <class name="FreshNearMissTests.NearMissClassTest"/>
    </classes>
  </test> <!-- Test -->
</suite> <!-- Suite -->
