<?xml version="1.0" encoding="UTF-8"?>
<!DOCTYPE suite SYSTEM "https://testng.org/testng-1.0.dtd">
<suite parallel="tests" name="Suite">
  <test thread-count="1" name="Test">
    <classes>
      <class name="FreshNearMissTests.HomePageClassTest"/>
      <class name="FreshNearMissTests.LoginPageClassTest"/>
      <class name="FreshNearMissTests.NearMissClassTest"/>
      <class name="FreshNearMissTests.SettingsClassTest"/>
      
    </classes>
  </test> <!-- Test -->
</suite> <!-- Suite -->
